{
  "project_info": {
    "project_number": "698861498347",
    "firebase_url": "https://therapy-screening.firebaseio.com",
    "project_id": "therapy-screening",
    "storage_bucket": "therapy-screening.appspot.com"
  },
  "client": [
    {
      "client_info": {
        "mobilesdk_app_id": "1:698861498347:android:771bb01125a61905",
        "android_client_info": {
          "package_name": "com.example.therapyscreening"
        }
      },
      "oauth_client": [
        {
          "client_id": "698861498347-t1u24iv22qbborqkshdlnfaao768pleq.apps.googleusercontent.com",
          "client_type": 1,
          "android_info": {
            "package_name": "com.example.therapyscreening",
            "certificate_hash": "e820f6bb7780200759dead852fb961189bb69b86"
          }
        },
        {
          "client_id": "698861498347-gosdq07hlpkk33du8lu73l63rb2kbt67.apps.googleusercontent.com",
          "client_type": 3
        }
      ],
      "api_key": [
        {
          "current_key": "AIzaSyAPjAyGWmkgD4V-pE6qJaZd-t0tMzfXiRY"
        }
      ],
      "services": {
        "appinvite_service": {
          "other_platform_oauth_client": [
            {
              "client_id": "698861498347-gosdq07hlpkk33du8lu73l63rb2kbt67.apps.googleusercontent.com",
              "client_type": 3
            }
          ]
        }
      }
    }
  ],
  "configuration_version": "1"
}